CountryName,CategoryName,CategoryTotal
Afghanistan,Child labour (%)+2005–2012*_total,10
Afghanistan,Child labour (%)+2005–2012*_male,11
Afghanistan,Child labour (%)+2005–2012*_female,10
Afghanistan,Child marriage (%)2005–2012*_married by 15,15
Afghanistan,Child marriage (%)2005–2012*_married by 18,40
Afghanistan,Birth registration (%)+2005–2012*_total,37
Afghanistan,Justification of wife beating (%) 2005–2012*_female,90
Afghanistan,Violent discipline (%)+2005–2012*_total,74
Afghanistan,Violent discipline (%)+2005–2012*_male,75
Afghanistan,Violent discipline (%)+2005–2012*_female,74
Albania,Child labour (%)+2005–2012*_total,12
Albania,Child labour (%)+2005–2012*_male,14
Albania,Child labour (%)+2005–2012*_female,9
Albania,Child marriage (%)2005–2012*_married by 15,0
Albania,Child marriage (%)2005–2012*_married by 18,10
Albania,Birth registration (%)+2005–2012*_total,99
Albania,Justification of wife beating (%) 2005–2012*_male,36
Albania,Justification of wife beating (%) 2005–2012*_female,30
Albania,Violent discipline (%)+2005–2012*_total,75
Albania,Violent discipline (%)+2005–2012*_male,78
Albania,Violent discipline (%)+2005–2012*_female,71
Algeria,Child labour (%)+2005–2012*_total,5
Algeria,Child labour (%)+2005–2012*_male,6
Algeria,Child labour (%)+2005–2012*_female,4
Algeria,Child marriage (%)2005–2012*_married by 15,0
Algeria,Child marriage (%)2005–2012*_married by 18,2
Algeria,Birth registration (%)+2005–2012*_total,99
Algeria,Justification of wife beating (%) 2005–2012*_female,68
Algeria,Violent discipline (%)+2005–2012*_total,88
Algeria,Violent discipline (%)+2005–2012*_male,89
Algeria,Violent discipline (%)+2005–2012*_female,87
Andorra,Birth registration (%)+2005–2012*_total,100
Angola,Child labour (%)+2005–2012*_total,24
Angola,Child labour (%)+2005–2012*_male,22
Angola,Child labour (%)+2005–2012*_female,25
Angola,Birth registration (%)+2005–2012*_total,36
Argentina,Child labour (%)+2005–2012*_total,7
Argentina,Child labour (%)+2005–2012*_male,8
Argentina,Child labour (%)+2005–2012*_female,5
Argentina,Birth registration (%)+2005–2012*_total,99
Armenia,Child labour (%)+2005–2012*_total,4
Armenia,Child labour (%)+2005–2012*_male,5
Armenia,Child labour (%)+2005–2012*_female,3
Armenia,Child marriage (%)2005–2012*_married by 15,0
Armenia,Child marriage (%)2005–2012*_married by 18,7
Armenia,Birth registration (%)+2005–2012*_total,100
Armenia,Justification of wife beating (%) 2005–2012*_male,20
Armenia,Justification of wife beating (%) 2005–2012*_female,9
Armenia,Violent discipline (%)+2005–2012*_total,70
Armenia,Violent discipline (%)+2005–2012*_male,72
Armenia,Violent discipline (%)+2005–2012*_female,67
Australia,Birth registration (%)+2005–2012*_total,100
Austria,Birth registration (%)+2005–2012*_total,100
Azerbaijan,Child labour (%)+2005–2012*_total,7
Azerbaijan,Child labour (%)+2005–2012*_male,8
Azerbaijan,Child labour (%)+2005–2012*_female,5
Azerbaijan,Child marriage (%)2005–2012*_married by 15,1
Azerbaijan,Child marriage (%)2005–2012*_married by 18,12
Azerbaijan,Birth registration (%)+2005–2012*_total,94
Azerbaijan,Justification of wife beating (%) 2005–2012*_male,58
Azerbaijan,Justification of wife beating (%) 2005–2012*_female,49
Azerbaijan,Violent discipline (%)+2005–2012*_total,75
Azerbaijan,Violent discipline (%)+2005–2012*_male,79
Azerbaijan,Violent discipline (%)+2005–2012*_female,71
Bahrain,Child labour (%)+2005–2012*_total,5
Bahrain,Child labour (%)+2005–2012*_male,6
Bahrain,Child labour (%)+2005–2012*_female,3
Bangladesh,Child labour (%)+2005–2012*_total,13
Bangladesh,Child labour (%)+2005–2012*_male,18
Bangladesh,Child labour (%)+2005–2012*_female,8
Bangladesh,Child marriage (%)2005–2012*_married by 15,29
Bangladesh,Child marriage (%)2005–2012*_married by 18,65
Bangladesh,Birth registration (%)+2005–2012*_total,31
Bangladesh,Justification of wife beating (%) 2005–2012*_female,33
Belarus,Child labour (%)+2005–2012*_total,1
Belarus,Child labour (%)+2005–2012*_male,1
Belarus,Child labour (%)+2005–2012*_female,2
Belarus,Child marriage (%)2005–2012*_married by 15,0
Belarus,Child marriage (%)2005–2012*_married by 18,3
Belarus,Birth registration (%)+2005–2012*_total,100
Belarus,Justification of wife beating (%) 2005–2012*_male,4
Belarus,Justification of wife beating (%) 2005–2012*_female,4
Belarus,Violent discipline (%)+2005–2012*_total,65
Belarus,Violent discipline (%)+2005–2012*_male,67
Belarus,Violent discipline (%)+2005–2012*_female,62
Belgium,Birth registration (%)+2005–2012*_total,100
Belize,Child labour (%)+2005–2012*_total,6
Belize,Child labour (%)+2005–2012*_male,7
Belize,Child labour (%)+2005–2012*_female,5
Belize,Child marriage (%)2005–2012*_married by 15,3
Belize,Child marriage (%)2005–2012*_married by 18,26
Belize,Birth registration (%)+2005–2012*_total,95
Belize,Justification of wife beating (%) 2005–2012*_female,9
Belize,Violent discipline (%)+2005–2012*_total,71
Belize,Violent discipline (%)+2005–2012*_male,71
Belize,Violent discipline (%)+2005–2012*_female,70
Benin,Child labour (%)+2005–2012*_total,46
Benin,Child labour (%)+2005–2012*_male,47
Benin,Child labour (%)+2005–2012*_female,45
Benin,Child marriage (%)2005–2012*_married by 15,8
Benin,Child marriage (%)2005–2012*_married by 18,34
Benin,Birth registration (%)+2005–2012*_total,80
Benin,Female genital mutilation/cutting (%)+2002–2012*_prevalence_womena  ,13
Benin,Female genital mutilation/cutting (%)+2002–2012*_prevalence_girlsb ,2
Benin,Female genital mutilation/cutting (%)+2002–2012*_attitudes_support for the practicec,1
Benin,Justification of wife beating (%) 2005–2012*_male,14
Benin,Justification of wife beating (%) 2005–2012*_female,47
Bhutan,Child labour (%)+2005–2012*_total,3
Bhutan,Child labour (%)+2005–2012*_male,3
Bhutan,Child labour (%)+2005–2012*_female,3
Bhutan,Child marriage (%)2005–2012*_married by 15,6
Bhutan,Child marriage (%)2005–2012*_married by 18,26
Bhutan,Birth registration (%)+2005–2012*_total,100
Bhutan,Justification of wife beating (%) 2005–2012*_female,68
Bolivia (Plurinational State of),Child labour (%)+2005–2012*_total,26
Bolivia (Plurinational State of),Child labour (%)+2005–2012*_male,28
Bolivia (Plurinational State of),Child labour (%)+2005–2012*_female,24
Bolivia (Plurinational State of),Child marriage (%)2005–2012*_married by 15,3
Bolivia (Plurinational State of),Child marriage (%)2005–2012*_married by 18,22
Bolivia (Plurinational State of),Birth registration (%)+2005–2012*_total,76
Bolivia (Plurinational State of),Justification of wife beating (%) 2005–2012*_female,16
Bosnia and Herzegovina,Child labour (%)+2005–2012*_total,5
Bosnia and Herzegovina,Child labour (%)+2005–2012*_male,7
Bosnia and Herzegovina,Child labour (%)+2005–2012*_female,4
Bosnia and Herzegovina,Child marriage (%)2005–2012*_married by 15,0
Bosnia and Herzegovina,Child marriage (%)2005–2012*_married by 18,4
Bosnia and Herzegovina,Birth registration (%)+2005–2012*_total,100
Bosnia and Herzegovina,Justification of wife beating (%) 2005–2012*_male,6
Bosnia and Herzegovina,Justification of wife beating (%) 2005–2012*_female,5
Bosnia and Herzegovina,Violent discipline (%)+2005–2012*_total,55
Bosnia and Herzegovina,Violent discipline (%)+2005–2012*_male,60
Bosnia and Herzegovina,Violent discipline (%)+2005–2012*_female,50
Botswana,Child labour (%)+2005–2012*_total,9
Botswana,Child labour (%)+2005–2012*_male,11
Botswana,Child labour (%)+2005–2012*_female,7
Botswana,Birth registration (%)+2005–2012*_total,72
Brazil,Child labour (%)+2005–2012*_total,9
Brazil,Child labour (%)+2005–2012*_male,11
Brazil,Child labour (%)+2005–2012*_female,6
Brazil,Child marriage (%)2005–2012*_married by 15,11
Brazil,Child marriage (%)2005–2012*_married by 18,36
Brazil,Birth registration (%)+2005–2012*_total,93
Bulgaria,Birth registration (%)+2005–2012*_total,100
Burkina Faso,Child labour (%)+2005–2012*_total,39
Burkina Faso,Child labour (%)+2005–2012*_male,42
Burkina Faso,Child labour (%)+2005–2012*_female,36
Burkina Faso,Child marriage (%)2005–2012*_married by 15,10
Burkina Faso,Child marriage (%)2005–2012*_married by 18,52
Burkina Faso,Birth registration (%)+2005–2012*_total,77
Burkina Faso,Female genital mutilation/cutting (%)+2002–2012*_prevalence_womena  ,76
Burkina Faso,Female genital mutilation/cutting (%)+2002–2012*_prevalence_girlsb ,13
Burkina Faso,Female genital mutilation/cutting (%)+2002–2012*_attitudes_support for the practicec,9
Burkina Faso,Justification of wife beating (%) 2005–2012*_male,34
Burkina Faso,Justification of wife beating (%) 2005–2012*_female,44
Burkina Faso,Violent discipline (%)+2005–2012*_total,83
Burkina Faso,Violent discipline (%)+2005–2012*_male,84
Burkina Faso,Violent discipline (%)+2005–2012*_female,82
Burundi,Child labour (%)+2005–2012*_total,26
Burundi,Child labour (%)+2005–2012*_male,26
Burundi,Child labour (%)+2005–2012*_female,27
Burundi,Child marriage (%)2005–2012*_married by 15,3
Burundi,Child marriage (%)2005–2012*_married by 18,20
Burundi,Birth registration (%)+2005–2012*_total,75
Burundi,Justification of wife beating (%) 2005–2012*_male,44
Burundi,Justification of wife beating (%) 2005–2012*_female,73
Cabo Verde,Child labour (%)+2005–2012*_total,3
Cabo Verde,Child labour (%)+2005–2012*_male,4
Cabo Verde,Child labour (%)+2005–2012*_female,3
Cabo Verde,Child marriage (%)2005–2012*_married by 15,3
Cabo Verde,Child marriage (%)2005–2012*_married by 18,18
Cabo Verde,Birth registration (%)+2005–2012*_total,91
Cabo Verde,Justification of wife beating (%) 2005–2012*_male,16
Cabo Verde,Justification of wife beating (%) 2005–2012*_female,17
Cambodia,Child labour (%)+2005–2012*_total,36
Cambodia,Child labour (%)+2005–2012*_male,36
Cambodia,Child labour (%)+2005–2012*_female,36
Cambodia,Child marriage (%)2005–2012*_married by 15,2
Cambodia,Child marriage (%)2005–2012*_married by 18,18
Cambodia,Birth registration (%)+2005–2012*_total,62
Cambodia,Justification of wife beating (%) 2005–2012*_male,22
Cambodia,Justification of wife beating (%) 2005–2012*_female,46
Cameroon,Child labour (%)+2005–2012*_total,42
Cameroon,Child labour (%)+2005–2012*_male,43
Cameroon,Child labour (%)+2005–2012*_female,40
Cameroon,Child marriage (%)2005–2012*_married by 15,13
Cameroon,Child marriage (%)2005–2012*_married by 18,38
Cameroon,Birth registration (%)+2005–2012*_total,61
Cameroon,Female genital mutilation/cutting (%)+2002–2012*_prevalence_womena  ,1
Cameroon,Female genital mutilation/cutting (%)+2002–2012*_prevalence_girlsb ,1
Cameroon,Female genital mutilation/cutting (%)+2002–2012*_attitudes_support for the practicec,7
Cameroon,Justification of wife beating (%) 2005–2012*_male,39
Cameroon,Justification of wife beating (%) 2005–2012*_female,47
Cameroon,Violent discipline (%)+2005–2012*_total,93
Cameroon,Violent discipline (%)+2005–2012*_male,93
Cameroon,Violent discipline (%)+2005–2012*_female,93
Canada,Birth registration (%)+2005–2012*_total,100
Central African Republic,Child labour (%)+2005–2012*_total,29
Central African Republic,Child labour (%)+2005–2012*_male,27
Central African Republic,Child labour (%)+2005–2012*_female,30
Central African Republic,Child marriage (%)2005–2012*_married by 15,29
Central African Republic,Child marriage (%)2005–2012*_married by 18,68
Central African Republic,Birth registration (%)+2005–2012*_total,61
Central African Republic,Female genital mutilation/cutting (%)+2002–2012*_prevalence_womena  ,24
Central African Republic,Female genital mutilation/cutting (%)+2002–2012*_prevalence_girlsb ,1
Central African Republic,Female genital mutilation/cutting (%)+2002–2012*_attitudes_support for the practicec,11
Central African Republic,Justification of wife beating (%) 2005–2012*_male,80
Central African Republic,Justification of wife beating (%) 2005–2012*_female,80
Central African Republic,Violent discipline (%)+2005–2012*_total,92
Central African Republic,Violent discipline (%)+2005–2012*_male,92
Central African Republic,Violent discipline (%)+2005–2012*_female,92
Chad,Child labour (%)+2005–2012*_total,26
Chad,Child labour (%)+2005–2012*_male,25
Chad,Child labour (%)+2005–2012*_female,28
Chad,Child marriage (%)2005–2012*_married by 15,29
Chad,Child marriage (%)2005–2012*_married by 18,68
Chad,Birth registration (%)+2005–2012*_total,16
Chad,Female genital mutilation/cutting (%)+2002–2012*_prevalence_womena  ,44
Chad,Female genital mutilation/cutting (%)+2002–2012*_prevalence_girlsb ,18
Chad,Female genital mutilation/cutting (%)+2002–2012*_attitudes_support for the practicec,38
Chad,Justification of wife beating (%) 2005–2012*_female,62
Chad,Violent discipline (%)+2005–2012*_total,84
Chad,Violent discipline (%)+2005–2012*_male,85
Chad,Violent discipline (%)+2005–2012*_female,84
Chile,Child labour (%)+2005–2012*_total,3
Chile,Child labour (%)+2005–2012*_male,3
Chile,Child labour (%)+2005–2012*_female,2
Chile,Birth registration (%)+2005–2012*_total,100
Colombia,Child labour (%)+2005–2012*_total,13
Colombia,Child labour (%)+2005–2012*_male,17
Colombia,Child labour (%)+2005–2012*_female,9
Colombia,Child marriage (%)2005–2012*_married by 15,6
Colombia,Child marriage (%)2005–2012*_married by 18,23
Colombia,Birth registration (%)+2005–2012*_total,97
Comoros,Child labour (%)+2005–2012*_total,27
Comoros,Child labour (%)+2005–2012*_male,26
Comoros,Child labour (%)+2005–2012*_female,28
Comoros,Birth registration (%)+2005–2012*_total,88
Congo,Child labour (%)+2005–2012*_total,25
Congo,Child labour (%)+2005–2012*_male,24
Congo,Child labour (%)+2005–2012*_female,25
Congo,Child marriage (%)2005–2012*_married by 15,7
Congo,Child marriage (%)2005–2012*_married by 18,33
Congo,Birth registration (%)+2005–2012*_total,91
Congo,Justification of wife beating (%) 2005–2012*_female,76
Costa Rica,Child labour (%)+2005–2012*_total,5
Costa Rica,Child labour (%)+2005–2012*_male,6
Costa Rica,Child labour (%)+2005–2012*_female,3
Côte d’Ivoire,Child labour (%)+2005–2012*_total,26
Côte d’Ivoire,Child labour (%)+2005–2012*_male,25
Côte d’Ivoire,Child labour (%)+2005–2012*_female,28
Côte d’Ivoire,Child marriage (%)2005–2012*_married by 15,10
Côte d’Ivoire,Child marriage (%)2005–2012*_married by 18,33
Côte d’Ivoire,Birth registration (%)+2005–2012*_total,65
Côte d’Ivoire,Female genital mutilation/cutting (%)+2002–2012*_prevalence_womena  ,38
Côte d’Ivoire,Female genital mutilation/cutting (%)+2002–2012*_prevalence_girlsb ,10
Côte d’Ivoire,Female genital mutilation/cutting (%)+2002–2012*_attitudes_support for the practicec,14
Côte d’Ivoire,Justification of wife beating (%) 2005–2012*_male,42
Côte d’Ivoire,Justification of wife beating (%) 2005–2012*_female,48
Côte d’Ivoire,Violent discipline (%)+2005–2012*_total,91
Côte d’Ivoire,Violent discipline (%)+2005–2012*_male,91
Côte d’Ivoire,Violent discipline (%)+2005–2012*_female,91
Cuba,Child marriage (%)2005–2012*_married by 15,9
Cuba,Child marriage (%)2005–2012*_married by 18,40
Cuba,Birth registration (%)+2005–2012*_total,100
Cyprus,Birth registration (%)+2005–2012*_total,100
Czech Republic,Birth registration (%)+2005–2012*_total,100
Democratic People’s Republic of Korea,Birth registration (%)+2005–2012*_total,100
Democratic Republic of the Congo,Child labour (%)+2005–2012*_total,15
Democratic Republic of the Congo,Child labour (%)+2005–2012*_male,13
Democratic Republic of the Congo,Child labour (%)+2005–2012*_female,17
Democratic Republic of the Congo,Child marriage (%)2005–2012*_married by 15,9
Democratic Republic of the Congo,Child marriage (%)2005–2012*_married by 18,39
Democratic Republic of the Congo,Birth registration (%)+2005–2012*_total,28
Democratic Republic of the Congo,Justification of wife beating (%) 2005–2012*_female,76
Democratic Republic of the Congo,Violent discipline (%)+2005–2012*_total,92
Democratic Republic of the Congo,Violent discipline (%)+2005–2012*_male,92
Democratic Republic of the Congo,Violent discipline (%)+2005–2012*_female,91
Denmark,Birth registration (%)+2005–2012*_total,100
Djibouti,Child labour (%)+2005–2012*_total,8
Djibouti,Child labour (%)+2005–2012*_male,8
Djibouti,Child labour (%)+2005–2012*_female,8
Djibouti,Child marriage (%)2005–2012*_married by 15,2
Djibouti,Child marriage (%)2005–2012*_married by 18,5
Djibouti,Birth registration (%)+2005–2012*_total,92
Djibouti,Female genital mutilation/cutting (%)+2002–2012*_prevalence_womena  ,93
Djibouti,Female genital mutilation/cutting (%)+2002–2012*_prevalence_girlsb ,49
Djibouti,Female genital mutilation/cutting (%)+2002–2012*_attitudes_support for the practicec,37
Djibouti,Violent discipline (%)+2005–2012*_total,72
Djibouti,Violent discipline (%)+2005–2012*_male,73
Djibouti,Violent discipline (%)+2005–2012*_female,71
Dominican Republic,Child labour (%)+2005–2012*_total,13
Dominican Republic,Child labour (%)+2005–2012*_male,18
Dominican Republic,Child labour (%)+2005–2012*_female,8
Dominican Republic,Child marriage (%)2005–2012*_married by 15,12
Dominican Republic,Child marriage (%)2005–2012*_married by 18,41
Dominican Republic,Birth registration (%)+2005–2012*_total,82
Dominican Republic,Justification of wife beating (%) 2005–2012*_female,4
Dominican Republic,Violent discipline (%)+2005–2012*_total,67
Dominican Republic,Violent discipline (%)+2005–2012*_male,69
Dominican Republic,Violent discipline (%)+2005–2012*_female,65
Ecuador,Child labour (%)+2005–2012*_total,8
Ecuador,Child labour (%)+2005–2012*_male,7
Ecuador,Child labour (%)+2005–2012*_female,8
Ecuador,Child marriage (%)2005–2012*_married by 15,4
Ecuador,Child marriage (%)2005–2012*_married by 18,22
Ecuador,Birth registration (%)+2005–2012*_total,90
Egypt,Child labour (%)+2005–2012*_total,9
Egypt,Child labour (%)+2005–2012*_male,14
Egypt,Child labour (%)+2005–2012*_female,4
Egypt,Child marriage (%)2005–2012*_married by 15,2
Egypt,Child marriage (%)2005–2012*_married by 18,17
Egypt,Birth registration (%)+2005–2012*_total,99
Egypt,Female genital mutilation/cutting (%)+2002–2012*_prevalence_womena  ,91
Egypt,Female genital mutilation/cutting (%)+2002–2012*_prevalence_girlsb ,17
Egypt,Female genital mutilation/cutting (%)+2002–2012*_attitudes_support for the practicec,54
Egypt,Justification of wife beating (%) 2005–2012*_female,39
Egypt,Violent discipline (%)+2005–2012*_total,91
Egypt,Violent discipline (%)+2005–2012*_male,92
Egypt,Violent discipline (%)+2005–2012*_female,90
El Salvador,Child labour (%)+2005–2012*_total,10
El Salvador,Child marriage (%)2005–2012*_married by 15,5
El Salvador,Child marriage (%)2005–2012*_married by 18,25
El Salvador,Birth registration (%)+2005–2012*_total,99
Equatorial Guinea,Child labour (%)+2005–2012*_total,28
Equatorial Guinea,Child labour (%)+2005–2012*_male,28
Equatorial Guinea,Child labour (%)+2005–2012*_female,28
Equatorial Guinea,Birth registration (%)+2005–2012*_total,37
Eritrea,Child marriage (%)2005–2012*_married by 15,20
Eritrea,Child marriage (%)2005–2012*_married by 18,47
Eritrea,Female genital mutilation/cutting (%)+2002–2012*_prevalence_womena  ,89
Eritrea,Female genital mutilation/cutting (%)+2002–2012*_prevalence_girlsb ,63
Eritrea,Female genital mutilation/cutting (%)+2002–2012*_attitudes_support for the practicec,49
Eritrea,Justification of wife beating (%) 2005–2012*_female,71
Estonia,Birth registration (%)+2005–2012*_total,100
Ethiopia,Child labour (%)+2005–2012*_total,27
Ethiopia,Child labour (%)+2005–2012*_male,31
Ethiopia,Child labour (%)+2005–2012*_female,24
Ethiopia,Child marriage (%)2005–2012*_married by 15,16
Ethiopia,Child marriage (%)2005–2012*_married by 18,41
Ethiopia,Birth registration (%)+2005–2012*_total,7
Ethiopia,Female genital mutilation/cutting (%)+2002–2012*_prevalence_womena  ,74
Ethiopia,Female genital mutilation/cutting (%)+2002–2012*_prevalence_girlsb ,24
Ethiopia,Female genital mutilation/cutting (%)+2002–2012*_attitudes_support for the practicec,31
Ethiopia,Justification of wife beating (%) 2005–2012*_male,45
Ethiopia,Justification of wife beating (%) 2005–2012*_female,68
Fiji,Violent discipline (%)+2005–2012*_total,72
Finland,Birth registration (%)+2005–2012*_total,100
France,Birth registration (%)+2005–2012*_total,100
Gabon,Child labour (%)+2005–2012*_total,13
Gabon,Child labour (%)+2005–2012*_male,15
Gabon,Child labour (%)+2005–2012*_female,12
Gabon,Child marriage (%)2005–2012*_married by 15,6
Gabon,Child marriage (%)2005–2012*_married by 18,22
Gabon,Birth registration (%)+2005–2012*_total,90
Gabon,Justification of wife beating (%) 2005–2012*_male,40
Gabon,Justification of wife beating (%) 2005–2012*_female,50
Gambia,Child labour (%)+2005–2012*_total,19
Gambia,Child labour (%)+2005–2012*_male,21
Gambia,Child labour (%)+2005–2012*_female,18
Gambia,Child marriage (%)2005–2012*_married by 15,7
Gambia,Child marriage (%)2005–2012*_married by 18,36
Gambia,Birth registration (%)+2005–2012*_total,53
Gambia,Female genital mutilation/cutting (%)+2002–2012*_prevalence_womena  ,76
Gambia,Female genital mutilation/cutting (%)+2002–2012*_prevalence_girlsb ,56
Gambia,Female genital mutilation/cutting (%)+2002–2012*_attitudes_support for the practicec,64
Gambia,Justification of wife beating (%) 2005–2012*_female,75
Gambia,Violent discipline (%)+2005–2012*_total,90
Gambia,Violent discipline (%)+2005–2012*_male,90
Gambia,Violent discipline (%)+2005–2012*_female,91
Georgia,Child labour (%)+2005–2012*_total,18
Georgia,Child labour (%)+2005–2012*_male,20
Georgia,Child labour (%)+2005–2012*_female,17
Georgia,Child marriage (%)2005–2012*_married by 15,1
Georgia,Child marriage (%)2005–2012*_married by 18,14
Georgia,Birth registration (%)+2005–2012*_total,99
Georgia,Justification of wife beating (%) 2005–2012*_female,7
Georgia,Violent discipline (%)+2005–2012*_total,67
Georgia,Violent discipline (%)+2005–2012*_male,70
Georgia,Violent discipline (%)+2005–2012*_female,63
Germany,Birth registration (%)+2005–2012*_total,100
Ghana,Child labour (%)+2005–2012*_total,34
Ghana,Child labour (%)+2005–2012*_male,34
Ghana,Child labour (%)+2005–2012*_female,34
Ghana,Child marriage (%)2005–2012*_married by 15,5
Ghana,Child marriage (%)2005–2012*_married by 18,21
Ghana,Birth registration (%)+2005–2012*_total,63
Ghana,Female genital mutilation/cutting (%)+2002–2012*_prevalence_womena  ,4
Ghana,Female genital mutilation/cutting (%)+2002–2012*_prevalence_girlsb ,1
Ghana,Female genital mutilation/cutting (%)+2002–2012*_attitudes_support for the practicec,2
Ghana,Justification of wife beating (%) 2005–2012*_male,26
Ghana,Justification of wife beating (%) 2005–2012*_female,44
Ghana,Violent discipline (%)+2005–2012*_total,94
Ghana,Violent discipline (%)+2005–2012*_male,94
Ghana,Violent discipline (%)+2005–2012*_female,94
Greece,Birth registration (%)+2005–2012*_total,100
Guatemala,Child labour (%)+2005–2012*_total,26
Guatemala,Child labour (%)+2005–2012*_male,35
Guatemala,Child labour (%)+2005–2012*_female,16
Guatemala,Child marriage (%)2005–2012*_married by 15,7
Guatemala,Child marriage (%)2005–2012*_married by 18,30
Guatemala,Birth registration (%)+2005–2012*_total,97
Guinea,Child labour (%)+2005–2012*_total,40
Guinea,Child labour (%)+2005–2012*_male,40
Guinea,Child labour (%)+2005–2012*_female,40
Guinea,Child marriage (%)2005–2012*_married by 15,20
Guinea,Child marriage (%)2005–2012*_married by 18,63
Guinea,Birth registration (%)+2005–2012*_total,43
Guinea,Female genital mutilation/cutting (%)+2002–2012*_prevalence_womena  ,96
Guinea,Female genital mutilation/cutting (%)+2002–2012*_prevalence_girlsb ,57
Guinea,Female genital mutilation/cutting (%)+2002–2012*_attitudes_support for the practicec,69
Guinea,Justification of wife beating (%) 2005–2012*_female,86
Guinea-Bissau,Child labour (%)+2005–2012*_total,38
Guinea-Bissau,Child labour (%)+2005–2012*_male,40
Guinea-Bissau,Child labour (%)+2005–2012*_female,36
Guinea-Bissau,Child marriage (%)2005–2012*_married by 15,7
Guinea-Bissau,Child marriage (%)2005–2012*_married by 18,22
Guinea-Bissau,Birth registration (%)+2005–2012*_total,24
Guinea-Bissau,Female genital mutilation/cutting (%)+2002–2012*_prevalence_womena  ,50
Guinea-Bissau,Female genital mutilation/cutting (%)+2002–2012*_prevalence_girlsb ,39
Guinea-Bissau,Female genital mutilation/cutting (%)+2002–2012*_attitudes_support for the practicec,34
Guinea-Bissau,Justification of wife beating (%) 2005–2012*_female,40
Guinea-Bissau,Violent discipline (%)+2005–2012*_total,82
Guinea-Bissau,Violent discipline (%)+2005–2012*_male,82
Guinea-Bissau,Violent discipline (%)+2005–2012*_female,81
Guyana,Child labour (%)+2005–2012*_total,16
Guyana,Child labour (%)+2005–2012*_male,17
Guyana,Child labour (%)+2005–2012*_female,16
Guyana,Child marriage (%)2005–2012*_married by 15,6
Guyana,Child marriage (%)2005–2012*_married by 18,23
Guyana,Birth registration (%)+2005–2012*_total,88
Guyana,Justification of wife beating (%) 2005–2012*_male,19
Guyana,Justification of wife beating (%) 2005–2012*_female,16
Guyana,Violent discipline (%)+2005–2012*_total,76
Guyana,Violent discipline (%)+2005–2012*_male,79
Guyana,Violent discipline (%)+2005–2012*_female,74
Haiti,Child labour (%)+2005–2012*_total,24
Haiti,Child labour (%)+2005–2012*_male,25
Haiti,Child labour (%)+2005–2012*_female,24
Haiti,Child marriage (%)2005–2012*_married by 15,3
Haiti,Child marriage (%)2005–2012*_married by 18,18
Haiti,Birth registration (%)+2005–2012*_total,80
Haiti,Justification of wife beating (%) 2005–2012*_male,15
Haiti,Justification of wife beating (%) 2005–2012*_female,17
Haiti,Violent discipline (%)+2005–2012*_total,86
Haiti,Violent discipline (%)+2005–2012*_male,87
Haiti,Violent discipline (%)+2005–2012*_female,85
Honduras,Child labour (%)+2005–2012*_total,16
Honduras,Child labour (%)+2005–2012*_male,16
Honduras,Child labour (%)+2005–2012*_female,15
Honduras,Child marriage (%)2005–2012*_married by 15,8
Honduras,Child marriage (%)2005–2012*_married by 18,34
Honduras,Birth registration (%)+2005–2012*_total,94
Honduras,Justification of wife beating (%) 2005–2012*_male,10
Honduras,Justification of wife beating (%) 2005–2012*_female,12
Hungary,Birth registration (%)+2005–2012*_total,100
Iceland,Birth registration (%)+2005–2012*_total,100
India,Child labour (%)+2005–2012*_total,12
India,Child labour (%)+2005–2012*_male,12
India,Child labour (%)+2005–2012*_female,12
India,Child marriage (%)2005–2012*_married by 15,18
India,Child marriage (%)2005–2012*_married by 18,47
India,Birth registration (%)+2005–2012*_total,41
India,Justification of wife beating (%) 2005–2012*_male,51
India,Justification of wife beating (%) 2005–2012*_female,54
Indonesia,Child labour (%)+2005–2012*_total,7
Indonesia,Child labour (%)+2005–2012*_male,8
Indonesia,Child labour (%)+2005–2012*_female,6
Indonesia,Child marriage (%)2005–2012*_married by 15,3
Indonesia,Child marriage (%)2005–2012*_married by 18,17
Indonesia,Birth registration (%)+2005–2012*_total,67
Indonesia,Justification of wife beating (%) 2005–2012*_male,17
Indonesia,Justification of wife beating (%) 2005–2012*_female,35
Iran (Islamic Republic of),Child labour (%)+2005–2012*_total,11
Iran (Islamic Republic of),Child labour (%)+2005–2012*_male,13
Iran (Islamic Republic of),Child labour (%)+2005–2012*_female,10
Iran (Islamic Republic of),Child marriage (%)2005–2012*_married by 15,3
Iran (Islamic Republic of),Child marriage (%)2005–2012*_married by 18,17
Iran (Islamic Republic of),Birth registration (%)+2005–2012*_total,99
Iraq,Child labour (%)+2005–2012*_total,5
Iraq,Child labour (%)+2005–2012*_male,5
Iraq,Child labour (%)+2005–2012*_female,4
Iraq,Child marriage (%)2005–2012*_married by 15,5
Iraq,Child marriage (%)2005–2012*_married by 18,24
Iraq,Birth registration (%)+2005–2012*_total,99
Iraq,Female genital mutilation/cutting (%)+2002–2012*_prevalence_womena  ,8
Iraq,Female genital mutilation/cutting (%)+2002–2012*_prevalence_girlsb ,3
Iraq,Female genital mutilation/cutting (%)+2002–2012*_attitudes_support for the practicec,5
Iraq,Justification of wife beating (%) 2005–2012*_female,51
Iraq,Violent discipline (%)+2005–2012*_total,79
Iraq,Violent discipline (%)+2005–2012*_male,81
Iraq,Violent discipline (%)+2005–2012*_female,77
Ireland,Birth registration (%)+2005–2012*_total,100
Israel,Birth registration (%)+2005–2012*_total,100
Italy,Birth registration (%)+2005–2012*_total,100
Jamaica,Child labour (%)+2005–2012*_total,6
Jamaica,Child labour (%)+2005–2012*_male,7
Jamaica,Child labour (%)+2005–2012*_female,5
Jamaica,Child marriage (%)2005–2012*_married by 15,1
Jamaica,Child marriage (%)2005–2012*_married by 18,9
Jamaica,Birth registration (%)+2005–2012*_total,98
Jamaica,Justification of wife beating (%) 2005–2012*_male,22
Jamaica,Justification of wife beating (%) 2005–2012*_female,3
Jamaica,Violent discipline (%)+2005–2012*_total,89
Jamaica,Violent discipline (%)+2005–2012*_male,90
Jamaica,Violent discipline (%)+2005–2012*_female,87
Japan,Birth registration (%)+2005–2012*_total,100
Jordan,Child labour (%)+2005–2012*_total,2
Jordan,Child labour (%)+2005–2012*_male,3
Jordan,Child labour (%)+2005–2012*_female,0
Jordan,Child marriage (%)2005–2012*_married by 15,1
Jordan,Child marriage (%)2005–2012*_married by 18,10
Jordan,Birth registration (%)+2005–2012*_total,99
Jordan,Justification of wife beating (%) 2005–2012*_female,90
Kazakhstan,Child labour (%)+2005–2012*_total,2
Kazakhstan,Child labour (%)+2005–2012*_male,2
Kazakhstan,Child labour (%)+2005–2012*_female,2
Kazakhstan,Child marriage (%)2005–2012*_married by 15,0
Kazakhstan,Child marriage (%)2005–2012*_married by 18,6
Kazakhstan,Birth registration (%)+2005–2012*_total,100
Kazakhstan,Justification of wife beating (%) 2005–2012*_male,17
Kazakhstan,Justification of wife beating (%) 2005–2012*_female,12
Kazakhstan,Violent discipline (%)+2005–2012*_total,49
Kazakhstan,Violent discipline (%)+2005–2012*_male,54
Kazakhstan,Violent discipline (%)+2005–2012*_female,45
Kenya,Child labour (%)+2005–2012*_total,26
Kenya,Child labour (%)+2005–2012*_male,27
Kenya,Child labour (%)+2005–2012*_female,25
Kenya,Child marriage (%)2005–2012*_married by 15,6
Kenya,Child marriage (%)2005–2012*_married by 18,26
Kenya,Birth registration (%)+2005–2012*_total,60
Kenya,Female genital mutilation/cutting (%)+2002–2012*_prevalence_womena  ,27
Kenya,Female genital mutilation/cutting (%)+2002–2012*_prevalence_girlsb ,8
Kenya,Female genital mutilation/cutting (%)+2002–2012*_attitudes_support for the practicec,10
Kenya,Justification of wife beating (%) 2005–2012*_male,44
Kenya,Justification of wife beating (%) 2005–2012*_female,53
Kiribati,Child marriage (%)2005–2012*_married by 15,3
Kiribati,Child marriage (%)2005–2012*_married by 18,20
Kiribati,Birth registration (%)+2005–2012*_total,94
Kiribati,Justification of wife beating (%) 2005–2012*_male,60
Kiribati,Justification of wife beating (%) 2005–2012*_female,76
Kiribati,Violent discipline (%)+2005–2012*_total,81
Kyrgyzstan,Child labour (%)+2005–2012*_total,4
Kyrgyzstan,Child labour (%)+2005–2012*_male,4
Kyrgyzstan,Child labour (%)+2005–2012*_female,3
Kyrgyzstan,Child marriage (%)2005–2012*_married by 15,1
Kyrgyzstan,Child marriage (%)2005–2012*_married by 18,10
Kyrgyzstan,Birth registration (%)+2005–2012*_total,96
Kyrgyzstan,Justification of wife beating (%) 2005–2012*_female,38
Kyrgyzstan,Violent discipline (%)+2005–2012*_total,54
Kyrgyzstan,Violent discipline (%)+2005–2012*_male,58
Kyrgyzstan,Violent discipline (%)+2005–2012*_female,49
Lao People’s Democratic Republic,Child labour (%)+2005–2012*_total,10
Lao People’s Democratic Republic,Child labour (%)+2005–2012*_male,9
Lao People’s Democratic Republic,Child labour (%)+2005–2012*_female,11
Lao People’s Democratic Republic,Child marriage (%)2005–2012*_married by 15,9
Lao People’s Democratic Republic,Child marriage (%)2005–2012*_married by 18,35
Lao People’s Democratic Republic,Birth registration (%)+2005–2012*_total,75
Lao People’s Democratic Republic,Justification of wife beating (%) 2005–2012*_male,49
Lao People’s Democratic Republic,Justification of wife beating (%) 2005–2012*_female,58
Lao People’s Democratic Republic,Violent discipline (%)+2005–2012*_total,76
Lao People’s Democratic Republic,Violent discipline (%)+2005–2012*_male,77
Lao People’s Democratic Republic,Violent discipline (%)+2005–2012*_female,74
Latvia,Birth registration (%)+2005–2012*_total,100
Lebanon,Child labour (%)+2005–2012*_total,2
Lebanon,Child labour (%)+2005–2012*_male,3
Lebanon,Child labour (%)+2005–2012*_female,1
Lebanon,Child marriage (%)2005–2012*_married by 15,1
Lebanon,Child marriage (%)2005–2012*_married by 18,6
Lebanon,Birth registration (%)+2005–2012*_total,100
Lebanon,Justification of wife beating (%) 2005–2012*_female,10
Lebanon,Violent discipline (%)+2005–2012*_total,82
Lebanon,Violent discipline (%)+2005–2012*_male,82
Lebanon,Violent discipline (%)+2005–2012*_female,82
Lesotho,Child labour (%)+2005–2012*_total,23
Lesotho,Child labour (%)+2005–2012*_male,25
Lesotho,Child labour (%)+2005–2012*_female,21
Lesotho,Child marriage (%)2005–2012*_married by 15,2
Lesotho,Child marriage (%)2005–2012*_married by 18,19
Lesotho,Birth registration (%)+2005–2012*_total,45
Lesotho,Justification of wife beating (%) 2005–2012*_male,48
Lesotho,Justification of wife beating (%) 2005–2012*_female,37
Liberia,Child labour (%)+2005–2012*_total,21
Liberia,Child labour (%)+2005–2012*_male,21
Liberia,Child labour (%)+2005–2012*_female,21
Liberia,Child marriage (%)2005–2012*_married by 15,11
Liberia,Child marriage (%)2005–2012*_married by 18,38
Liberia,Birth registration (%)+2005–2012*_total,4
Liberia,Female genital mutilation/cutting (%)+2002–2012*_prevalence_womena  ,66
Liberia,Female genital mutilation/cutting (%)+2002–2012*_attitudes_support for the practicec,45
Liberia,Justification of wife beating (%) 2005–2012*_male,30
Liberia,Justification of wife beating (%) 2005–2012*_female,59
Liberia,Violent discipline (%)+2005–2012*_total,94
Liberia,Violent discipline (%)+2005–2012*_male,94
Liberia,Violent discipline (%)+2005–2012*_female,94
Liechtenstein,Birth registration (%)+2005–2012*_total,100
Lithuania,Birth registration (%)+2005–2012*_total,100
Luxembourg,Birth registration (%)+2005–2012*_total,100
Madagascar,Child labour (%)+2005–2012*_total,28
Madagascar,Child labour (%)+2005–2012*_male,29
Madagascar,Child labour (%)+2005–2012*_female,27
Madagascar,Child marriage (%)2005–2012*_married by 15,14
Madagascar,Child marriage (%)2005–2012*_married by 18,48
Madagascar,Birth registration (%)+2005–2012*_total,80
Madagascar,Justification of wife beating (%) 2005–2012*_male,30
Madagascar,Justification of wife beating (%) 2005–2012*_female,32
Malawi,Child labour (%)+2005–2012*_total,26
Malawi,Child labour (%)+2005–2012*_male,25
Malawi,Child labour (%)+2005–2012*_female,26
Malawi,Child marriage (%)2005–2012*_married by 15,12
Malawi,Child marriage (%)2005–2012*_married by 18,50
Malawi,Justification of wife beating (%) 2005–2012*_male,13
Malawi,Justification of wife beating (%) 2005–2012*_female,13
Maldives,Child marriage (%)2005–2012*_married by 15,0
Maldives,Child marriage (%)2005–2012*_married by 18,4
Maldives,Birth registration (%)+2005–2012*_total,93
Maldives,Justification of wife beating (%) 2005–2012*_male,14
Maldives,Justification of wife beating (%) 2005–2012*_female,31
Mali,Child labour (%)+2005–2012*_total,21
Mali,Child labour (%)+2005–2012*_male,22
Mali,Child labour (%)+2005–2012*_female,21
Mali,Child marriage (%)2005–2012*_married by 15,15
Mali,Child marriage (%)2005–2012*_married by 18,55
Mali,Birth registration (%)+2005–2012*_total,81
Mali,Female genital mutilation/cutting (%)+2002–2012*_prevalence_womena  ,89
Mali,Female genital mutilation/cutting (%)+2002–2012*_prevalence_girlsb ,74
Mali,Female genital mutilation/cutting (%)+2002–2012*_attitudes_support for the practicec,73
Mali,Justification of wife beating (%) 2005–2012*_female,87
Malta,Birth registration (%)+2005–2012*_total,100
Marshall Islands,Child marriage (%)2005–2012*_married by 15,6
Marshall Islands,Child marriage (%)2005–2012*_married by 18,26
Marshall Islands,Birth registration (%)+2005–2012*_total,96
Marshall Islands,Justification of wife beating (%) 2005–2012*_male,58
Marshall Islands,Justification of wife beating (%) 2005–2012*_female,56
Mauritania,Child labour (%)+2005–2012*_total,15
Mauritania,Child labour (%)+2005–2012*_male,14
Mauritania,Child labour (%)+2005–2012*_female,15
Mauritania,Child marriage (%)2005–2012*_married by 15,14
Mauritania,Child marriage (%)2005–2012*_married by 18,34
Mauritania,Birth registration (%)+2005–2012*_total,59
Mauritania,Female genital mutilation/cutting (%)+2002–2012*_prevalence_womena  ,69
Mauritania,Female genital mutilation/cutting (%)+2002–2012*_prevalence_girlsb ,54
Mauritania,Female genital mutilation/cutting (%)+2002–2012*_attitudes_support for the practicec,41
Mauritania,Justification of wife beating (%) 2005–2012*_female,38
Mauritania,Violent discipline (%)+2005–2012*_total,87
Mauritania,Violent discipline (%)+2005–2012*_male,87
Mauritania,Violent discipline (%)+2005–2012*_female,87
Mexico,Child labour (%)+2005–2012*_total,6
Mexico,Child labour (%)+2005–2012*_male,7
Mexico,Child labour (%)+2005–2012*_female,5
Mexico,Child marriage (%)2005–2012*_married by 15,5
Mexico,Child marriage (%)2005–2012*_married by 18,23
Mexico,Birth registration (%)+2005–2012*_total,93
Monaco,Birth registration (%)+2005–2012*_total,100
Mongolia,Child labour (%)+2005–2012*_total,10
Mongolia,Child labour (%)+2005–2012*_male,10
Mongolia,Child labour (%)+2005–2012*_female,11
Mongolia,Child marriage (%)2005–2012*_married by 15,0
Mongolia,Child marriage (%)2005–2012*_married by 18,5
Mongolia,Birth registration (%)+2005–2012*_total,99
Mongolia,Justification of wife beating (%) 2005–2012*_male,9
Mongolia,Justification of wife beating (%) 2005–2012*_female,10
Mongolia,Violent discipline (%)+2005–2012*_total,46
Mongolia,Violent discipline (%)+2005–2012*_male,48
Mongolia,Violent discipline (%)+2005–2012*_female,43
Montenegro,Child labour (%)+2005–2012*_total,10
Montenegro,Child labour (%)+2005–2012*_male,12
Montenegro,Child labour (%)+2005–2012*_female,8
Montenegro,Child marriage (%)2005–2012*_married by 15,0
Montenegro,Child marriage (%)2005–2012*_married by 18,5
Montenegro,Birth registration (%)+2005–2012*_total,99
Montenegro,Justification of wife beating (%) 2005–2012*_female,11
Montenegro,Violent discipline (%)+2005–2012*_total,63
Montenegro,Violent discipline (%)+2005–2012*_male,64
Montenegro,Violent discipline (%)+2005–2012*_female,61
Morocco,Child labour (%)+2005–2012*_total,8
Morocco,Child labour (%)+2005–2012*_male,9
Morocco,Child labour (%)+2005–2012*_female,8
Morocco,Child marriage (%)2005–2012*_married by 15,3
Morocco,Child marriage (%)2005–2012*_married by 18,16
Morocco,Birth registration (%)+2005–2012*_total,94
Morocco,Justification of wife beating (%) 2005–2012*_female,64
Morocco,Violent discipline (%)+2005–2012*_total,91
Morocco,Violent discipline (%)+2005–2012*_male,92
Morocco,Violent discipline (%)+2005–2012*_female,90
Mozambique,Child labour (%)+2005–2012*_total,22
Mozambique,Child labour (%)+2005–2012*_male,21
Mozambique,Child labour (%)+2005–2012*_female,24
Mozambique,Child marriage (%)2005–2012*_married by 15,14
Mozambique,Child marriage (%)2005–2012*_married by 18,48
Mozambique,Birth registration (%)+2005–2012*_total,48
Mozambique,Justification of wife beating (%) 2005–2012*_male,20
Mozambique,Justification of wife beating (%) 2005–2012*_female,23
Myanmar,Birth registration (%)+2005–2012*_total,72
Namibia,Child marriage (%)2005–2012*_married by 15,2
Namibia,Child marriage (%)2005–2012*_married by 18,9
Namibia,Birth registration (%)+2005–2012*_total,78
Namibia,Justification of wife beating (%) 2005–2012*_male,41
Namibia,Justification of wife beating (%) 2005–2012*_female,35
Nauru,Child marriage (%)2005–2012*_married by 15,2
Nauru,Child marriage (%)2005–2012*_married by 18,27
Nauru,Birth registration (%)+2005–2012*_total,83
Nepal,Child labour (%)+2005–2012*_total,34
Nepal,Child labour (%)+2005–2012*_male,30
Nepal,Child labour (%)+2005–2012*_female,38
Nepal,Child marriage (%)2005–2012*_married by 15,10
Nepal,Child marriage (%)2005–2012*_married by 18,41
Nepal,Birth registration (%)+2005–2012*_total,42
Nepal,Justification of wife beating (%) 2005–2012*_male,22
Nepal,Justification of wife beating (%) 2005–2012*_female,23
Netherlands,Birth registration (%)+2005–2012*_total,100
New Zealand,Birth registration (%)+2005–2012*_total,100
Nicaragua,Child labour (%)+2005–2012*_total,15
Nicaragua,Child labour (%)+2005–2012*_male,18
Nicaragua,Child labour (%)+2005–2012*_female,11
Nicaragua,Child marriage (%)2005–2012*_married by 15,10
Nicaragua,Child marriage (%)2005–2012*_married by 18,41
Nicaragua,Birth registration (%)+2005–2012*_total,85
Nicaragua,Justification of wife beating (%) 2005–2012*_female,14
Niger,Child labour (%)+2005–2012*_total,43
Niger,Child labour (%)+2005–2012*_male,43
Niger,Child labour (%)+2005–2012*_female,43
Niger,Child marriage (%)2005–2012*_married by 15,36
Niger,Child marriage (%)2005–2012*_married by 18,75
Niger,Birth registration (%)+2005–2012*_total,32
Niger,Female genital mutilation/cutting (%)+2002–2012*_prevalence_womena  ,2
Niger,Female genital mutilation/cutting (%)+2002–2012*_prevalence_girlsb ,1
Niger,Female genital mutilation/cutting (%)+2002–2012*_attitudes_support for the practicec,3
Niger,Justification of wife beating (%) 2005–2012*_female,70
Nigeria,Child labour (%)+2005–2012*_total,25
Nigeria,Child labour (%)+2005–2012*_male,24
Nigeria,Child labour (%)+2005–2012*_female,25
Nigeria,Child marriage (%)2005–2012*_married by 15,20
Nigeria,Child marriage (%)2005–2012*_married by 18,39
Nigeria,Birth registration (%)+2005–2012*_total,42
Nigeria,Female genital mutilation/cutting (%)+2002–2012*_prevalence_womena  ,27
Nigeria,Female genital mutilation/cutting (%)+2002–2012*_prevalence_girlsb ,14
Nigeria,Female genital mutilation/cutting (%)+2002–2012*_attitudes_support for the practicec,21
Nigeria,Justification of wife beating (%) 2005–2012*_female,46
Nigeria,Violent discipline (%)+2005–2012*_total,91
Nigeria,Violent discipline (%)+2005–2012*_male,91
Nigeria,Violent discipline (%)+2005–2012*_female,90
Norway,Birth registration (%)+2005–2012*_total,100
Pakistan,Child marriage (%)2005–2012*_married by 15,7
Pakistan,Child marriage (%)2005–2012*_married by 18,24
Pakistan,Birth registration (%)+2005–2012*_total,27
Panama,Child labour (%)+2005–2012*_total,6
Panama,Child labour (%)+2005–2012*_male,8
Panama,Child labour (%)+2005–2012*_female,3
Papua New Guinea,Child marriage (%)2005–2012*_married by 15,2
Papua New Guinea,Child marriage (%)2005–2012*_married by 18,21
Paraguay,Child labour (%)+2005–2012*_total,15
Paraguay,Child labour (%)+2005–2012*_male,17
Paraguay,Child labour (%)+2005–2012*_female,12
Paraguay,Child marriage (%)2005–2012*_married by 18,18
Paraguay,Birth registration (%)+2005–2012*_total,76
Peru,Child labour (%)+2005–2012*_total,34
Peru,Child labour (%)+2005–2012*_male,31
Peru,Child labour (%)+2005–2012*_female,36
Peru,Child marriage (%)2005–2012*_married by 15,3
Peru,Child marriage (%)2005–2012*_married by 18,19
Peru,Birth registration (%)+2005–2012*_total,96
Philippines,Child marriage (%)2005–2012*_married by 15,2
Philippines,Child marriage (%)2005–2012*_married by 18,14
Philippines,Birth registration (%)+2005–2012*_total,90
Philippines,Justification of wife beating (%) 2005–2012*_female,14
Poland,Birth registration (%)+2005–2012*_total,100
Portugal,Child labour (%)+2005–2012*_total,3
Portugal,Child labour (%)+2005–2012*_male,4
Portugal,Child labour (%)+2005–2012*_female,3
Portugal,Birth registration (%)+2005–2012*_total,100
Republic of Moldova,Child labour (%)+2005–2012*_total,16
Republic of Moldova,Child labour (%)+2005–2012*_male,20
Republic of Moldova,Child labour (%)+2005–2012*_female,12
Republic of Moldova,Child marriage (%)2005–2012*_married by 15,1
Republic of Moldova,Child marriage (%)2005–2012*_married by 18,19
Republic of Moldova,Birth registration (%)+2005–2012*_total,100
Republic of Moldova,Justification of wife beating (%) 2005–2012*_male,22
Republic of Moldova,Justification of wife beating (%) 2005–2012*_female,21
Romania,Child labour (%)+2005–2012*_total,1
Romania,Child labour (%)+2005–2012*_male,1
Romania,Child labour (%)+2005–2012*_female,1
Russian Federation,Birth registration (%)+2005–2012*_total,100
Rwanda,Child labour (%)+2005–2012*_total,29
Rwanda,Child labour (%)+2005–2012*_male,27
Rwanda,Child labour (%)+2005–2012*_female,30
Rwanda,Child marriage (%)2005–2012*_married by 15,1
Rwanda,Child marriage (%)2005–2012*_married by 18,8
Rwanda,Birth registration (%)+2005–2012*_total,63
Rwanda,Justification of wife beating (%) 2005–2012*_male,25
Rwanda,Justification of wife beating (%) 2005–2012*_female,56
Samoa,Birth registration (%)+2005–2012*_total,48
Samoa,Justification of wife beating (%) 2005–2012*_male,46
Samoa,Justification of wife beating (%) 2005–2012*_female,61
San Marino,Birth registration (%)+2005–2012*_total,100
Sao Tome and Principe,Child labour (%)+2005–2012*_total,8
Sao Tome and Principe,Child labour (%)+2005–2012*_male,8
Sao Tome and Principe,Child labour (%)+2005–2012*_female,7
Sao Tome and Principe,Child marriage (%)2005–2012*_married by 15,5
Sao Tome and Principe,Child marriage (%)2005–2012*_married by 18,34
Sao Tome and Principe,Birth registration (%)+2005–2012*_total,75
Sao Tome and Principe,Justification of wife beating (%) 2005–2012*_male,22
Sao Tome and Principe,Justification of wife beating (%) 2005–2012*_female,20
Senegal,Child labour (%)+2005–2012*_total,17
Senegal,Child labour (%)+2005–2012*_male,18
Senegal,Child labour (%)+2005–2012*_female,16
Senegal,Child marriage (%)2005–2012*_married by 15,12
Senegal,Child marriage (%)2005–2012*_married by 18,33
Senegal,Birth registration (%)+2005–2012*_total,75
Senegal,Female genital mutilation/cutting (%)+2002–2012*_prevalence_womena  ,26
Senegal,Female genital mutilation/cutting (%)+2002–2012*_prevalence_girlsb ,18
Senegal,Female genital mutilation/cutting (%)+2002–2012*_attitudes_support for the practicec,17
Senegal,Justification of wife beating (%) 2005–2012*_male,25
Senegal,Justification of wife beating (%) 2005–2012*_female,60
Serbia,Child labour (%)+2005–2012*_total,4
Serbia,Child labour (%)+2005–2012*_male,5
Serbia,Child labour (%)+2005–2012*_female,4
Serbia,Child marriage (%)2005–2012*_married by 15,1
Serbia,Child marriage (%)2005–2012*_married by 18,5
Serbia,Birth registration (%)+2005–2012*_total,99
Serbia,Justification of wife beating (%) 2005–2012*_male,7
Serbia,Justification of wife beating (%) 2005–2012*_female,3
Serbia,Violent discipline (%)+2005–2012*_total,67
Serbia,Violent discipline (%)+2005–2012*_male,70
Serbia,Violent discipline (%)+2005–2012*_female,64
Sierra Leone,Child labour (%)+2005–2012*_total,26
Sierra Leone,Child labour (%)+2005–2012*_male,27
Sierra Leone,Child labour (%)+2005–2012*_female,25
Sierra Leone,Child marriage (%)2005–2012*_married by 15,18
Sierra Leone,Child marriage (%)2005–2012*_married by 18,44
Sierra Leone,Birth registration (%)+2005–2012*_total,78
Sierra Leone,Female genital mutilation/cutting (%)+2002–2012*_prevalence_womena  ,88
Sierra Leone,Female genital mutilation/cutting (%)+2002–2012*_prevalence_girlsb ,13
Sierra Leone,Female genital mutilation/cutting (%)+2002–2012*_attitudes_support for the practicec,66
Sierra Leone,Justification of wife beating (%) 2005–2012*_female,73
Sierra Leone,Violent discipline (%)+2005–2012*_total,82
Sierra Leone,Violent discipline (%)+2005–2012*_male,81
Sierra Leone,Violent discipline (%)+2005–2012*_female,82
Slovakia,Birth registration (%)+2005–2012*_total,100
Slovenia,Birth registration (%)+2005–2012*_total,100
Solomon Islands,Child marriage (%)2005–2012*_married by 15,3
Solomon Islands,Child marriage (%)2005–2012*_married by 18,22
Solomon Islands,Justification of wife beating (%) 2005–2012*_male,65
Solomon Islands,Justification of wife beating (%) 2005–2012*_female,69
Solomon Islands,Violent discipline (%)+2005–2012*_total,72
Somalia,Child labour (%)+2005–2012*_total,49
Somalia,Child labour (%)+2005–2012*_male,45
Somalia,Child labour (%)+2005–2012*_female,54
Somalia,Child marriage (%)2005–2012*_married by 15,8
Somalia,Child marriage (%)2005–2012*_married by 18,45
Somalia,Birth registration (%)+2005–2012*_total,3
Somalia,Female genital mutilation/cutting (%)+2002–2012*_prevalence_womena  ,98
Somalia,Female genital mutilation/cutting (%)+2002–2012*_prevalence_girlsb ,46
Somalia,Female genital mutilation/cutting (%)+2002–2012*_attitudes_support for the practicec,65
Somalia,Justification of wife beating (%) 2005–2012*_female,76
South Africa,Child marriage (%)2005–2012*_married by 15,1
South Africa,Child marriage (%)2005–2012*_married by 18,6
South Africa,Birth registration (%)+2005–2012*_total,95
South Sudan,Child marriage (%)2005–2012*_married by 15,9
South Sudan,Child marriage (%)2005–2012*_married by 18,52
South Sudan,Birth registration (%)+2005–2012*_total,35
South Sudan,Justification of wife beating (%) 2005–2012*_female,79
Spain,Birth registration (%)+2005–2012*_total,100
Sri Lanka,Child marriage (%)2005–2012*_married by 15,2
Sri Lanka,Child marriage (%)2005–2012*_married by 18,12
Sri Lanka,Birth registration (%)+2005–2012*_total,97
Sri Lanka,Justification of wife beating (%) 2005–2012*_female,53
State of Palestine,Child labour (%)+2005–2012*_total,6
State of Palestine,Child labour (%)+2005–2012*_male,7
State of Palestine,Child labour (%)+2005–2012*_female,4
State of Palestine,Child marriage (%)2005–2012*_married by 15,2
State of Palestine,Child marriage (%)2005–2012*_married by 18,21
State of Palestine,Birth registration (%)+2005–2012*_total,99
State of Palestine,Violent discipline (%)+2005–2012*_total,93
State of Palestine,Violent discipline (%)+2005–2012*_male,94
State of Palestine,Violent discipline (%)+2005–2012*_female,92
Sudan,Child marriage (%)2005–2012*_married by 15,7
Sudan,Child marriage (%)2005–2012*_married by 18,33
Sudan,Birth registration (%)+2005–2012*_total,59
Sudan,Female genital mutilation/cutting (%)+2002–2012*_prevalence_womena  ,88
Sudan,Female genital mutilation/cutting (%)+2002–2012*_prevalence_girlsb ,37
Sudan,Female genital mutilation/cutting (%)+2002–2012*_attitudes_support for the practicec,42
Sudan,Justification of wife beating (%) 2005–2012*_female,47
Suriname,Child labour (%)+2005–2012*_total,4
Suriname,Child labour (%)+2005–2012*_male,4
Suriname,Child labour (%)+2005–2012*_female,4
Suriname,Child marriage (%)2005–2012*_married by 15,5
Suriname,Child marriage (%)2005–2012*_married by 18,19
Suriname,Birth registration (%)+2005–2012*_total,99
Suriname,Justification of wife beating (%) 2005–2012*_female,13
Suriname,Violent discipline (%)+2005–2012*_total,86
Suriname,Violent discipline (%)+2005–2012*_male,87
Suriname,Violent discipline (%)+2005–2012*_female,85
Swaziland,Child labour (%)+2005–2012*_total,7
Swaziland,Child labour (%)+2005–2012*_male,8
Swaziland,Child labour (%)+2005–2012*_female,7
Swaziland,Child marriage (%)2005–2012*_married by 15,1
Swaziland,Child marriage (%)2005–2012*_married by 18,7
Swaziland,Birth registration (%)+2005–2012*_total,50
Swaziland,Justification of wife beating (%) 2005–2012*_male,23
Swaziland,Justification of wife beating (%) 2005–2012*_female,28
Swaziland,Violent discipline (%)+2005–2012*_total,89
Swaziland,Violent discipline (%)+2005–2012*_male,90
Swaziland,Violent discipline (%)+2005–2012*_female,88
Sweden,Birth registration (%)+2005–2012*_total,100
Switzerland,Birth registration (%)+2005–2012*_total,100
Syrian Arab Republic,Child labour (%)+2005–2012*_total,4
Syrian Arab Republic,Child labour (%)+2005–2012*_male,5
Syrian Arab Republic,Child labour (%)+2005–2012*_female,3
Syrian Arab Republic,Child marriage (%)2005–2012*_married by 15,3
Syrian Arab Republic,Child marriage (%)2005–2012*_married by 18,13
Syrian Arab Republic,Birth registration (%)+2005–2012*_total,96
Syrian Arab Republic,Violent discipline (%)+2005–2012*_total,89
Syrian Arab Republic,Violent discipline (%)+2005–2012*_male,90
Syrian Arab Republic,Violent discipline (%)+2005–2012*_female,88
Tajikistan,Child labour (%)+2005–2012*_total,10
Tajikistan,Child labour (%)+2005–2012*_male,9
Tajikistan,Child labour (%)+2005–2012*_female,11
Tajikistan,Child marriage (%)2005–2012*_married by 15,1
Tajikistan,Child marriage (%)2005–2012*_married by 18,13
Tajikistan,Birth registration (%)+2005–2012*_total,88
Tajikistan,Justification of wife beating (%) 2005–2012*_female,74
Tajikistan,Violent discipline (%)+2005–2012*_total,78
Tajikistan,Violent discipline (%)+2005–2012*_male,80
Tajikistan,Violent discipline (%)+2005–2012*_female,75
Thailand,Child labour (%)+2005–2012*_total,8
Thailand,Child labour (%)+2005–2012*_male,8
Thailand,Child labour (%)+2005–2012*_female,8
Thailand,Child marriage (%)2005–2012*_married by 15,3
Thailand,Child marriage (%)2005–2012*_married by 18,20
Thailand,Birth registration (%)+2005–2012*_total,100
The former Yugoslav Republic of Macedonia,Child labour (%)+2005–2012*_total,13
The former Yugoslav Republic of Macedonia,Child labour (%)+2005–2012*_male,12
The former Yugoslav Republic of Macedonia,Child labour (%)+2005–2012*_female,13
The former Yugoslav Republic of Macedonia,Child marriage (%)2005–2012*_married by 15,1
The former Yugoslav Republic of Macedonia,Child marriage (%)2005–2012*_married by 18,7
The former Yugoslav Republic of Macedonia,Birth registration (%)+2005–2012*_total,100
The former Yugoslav Republic of Macedonia,Justification of wife beating (%) 2005–2012*_female,15
The former Yugoslav Republic of Macedonia,Violent discipline (%)+2005–2012*_total,69
The former Yugoslav Republic of Macedonia,Violent discipline (%)+2005–2012*_male,71
The former Yugoslav Republic of Macedonia,Violent discipline (%)+2005–2012*_female,67
Timor-Leste,Child labour (%)+2005–2012*_total,4
Timor-Leste,Child labour (%)+2005–2012*_male,4
Timor-Leste,Child labour (%)+2005–2012*_female,4
Timor-Leste,Child marriage (%)2005–2012*_married by 15,3
Timor-Leste,Child marriage (%)2005–2012*_married by 18,19
Timor-Leste,Birth registration (%)+2005–2012*_total,55
Timor-Leste,Justification of wife beating (%) 2005–2012*_male,81
Timor-Leste,Justification of wife beating (%) 2005–2012*_female,86
Togo,Child labour (%)+2005–2012*_total,28
Togo,Child labour (%)+2005–2012*_male,28
Togo,Child labour (%)+2005–2012*_female,29
Togo,Child marriage (%)2005–2012*_married by 15,6
Togo,Child marriage (%)2005–2012*_married by 18,25
Togo,Birth registration (%)+2005–2012*_total,78
Togo,Female genital mutilation/cutting (%)+2002–2012*_prevalence_womena  ,4
Togo,Female genital mutilation/cutting (%)+2002–2012*_prevalence_girlsb ,0
Togo,Female genital mutilation/cutting (%)+2002–2012*_attitudes_support for the practicec,2
Togo,Justification of wife beating (%) 2005–2012*_female,43
Togo,Violent discipline (%)+2005–2012*_total,93
Togo,Violent discipline (%)+2005–2012*_male,94
Togo,Violent discipline (%)+2005–2012*_female,93
Trinidad and Tobago,Child labour (%)+2005–2012*_total,1
Trinidad and Tobago,Child labour (%)+2005–2012*_male,1
Trinidad and Tobago,Child labour (%)+2005–2012*_female,1
Trinidad and Tobago,Child marriage (%)2005–2012*_married by 15,2
Trinidad and Tobago,Child marriage (%)2005–2012*_married by 18,8
Trinidad and Tobago,Birth registration (%)+2005–2012*_total,97
Trinidad and Tobago,Justification of wife beating (%) 2005–2012*_female,8
Trinidad and Tobago,Violent discipline (%)+2005–2012*_total,77
Trinidad and Tobago,Violent discipline (%)+2005–2012*_male,78
Trinidad and Tobago,Violent discipline (%)+2005–2012*_female,77
Tunisia,Child labour (%)+2005–2012*_total,2
Tunisia,Child labour (%)+2005–2012*_male,3
Tunisia,Child labour (%)+2005–2012*_female,2
Tunisia,Child marriage (%)2005–2012*_married by 15,0
Tunisia,Child marriage (%)2005–2012*_married by 18,2
Tunisia,Birth registration (%)+2005–2012*_total,99
Tunisia,Justification of wife beating (%) 2005–2012*_female,30
Tunisia,Violent discipline (%)+2005–2012*_total,93
Tunisia,Violent discipline (%)+2005–2012*_male,94
Tunisia,Violent discipline (%)+2005–2012*_female,92
Turkey,Child labour (%)+2005–2012*_total,3
Turkey,Child labour (%)+2005–2012*_male,3
Turkey,Child labour (%)+2005–2012*_female,2
Turkey,Child marriage (%)2005–2012*_married by 15,3
Turkey,Child marriage (%)2005–2012*_married by 18,14
Turkey,Birth registration (%)+2005–2012*_total,94
Turkey,Justification of wife beating (%) 2005–2012*_female,25
Turkmenistan,Child marriage (%)2005–2012*_married by 15,1
Turkmenistan,Child marriage (%)2005–2012*_married by 18,7
Turkmenistan,Birth registration (%)+2005–2012*_total,96
Turkmenistan,Justification of wife beating (%) 2005–2012*_female,38
Tuvalu,Child marriage (%)2005–2012*_married by 15,0
Tuvalu,Child marriage (%)2005–2012*_married by 18,10
Tuvalu,Birth registration (%)+2005–2012*_total,50
Tuvalu,Justification of wife beating (%) 2005–2012*_male,73
Tuvalu,Justification of wife beating (%) 2005–2012*_female,70
Uganda,Child labour (%)+2005–2012*_total,25
Uganda,Child labour (%)+2005–2012*_male,27
Uganda,Child labour (%)+2005–2012*_female,24
Uganda,Child marriage (%)2005–2012*_married by 15,10
Uganda,Child marriage (%)2005–2012*_married by 18,40
Uganda,Birth registration (%)+2005–2012*_total,30
Uganda,Female genital mutilation/cutting (%)+2002–2012*_prevalence_womena  ,1
Uganda,Female genital mutilation/cutting (%)+2002–2012*_prevalence_girlsb ,1
Uganda,Female genital mutilation/cutting (%)+2002–2012*_attitudes_support for the practicec,9
Uganda,Justification of wife beating (%) 2005–2012*_male,44
Uganda,Justification of wife beating (%) 2005–2012*_female,58
Ukraine,Child labour (%)+2005–2012*_total,7
Ukraine,Child labour (%)+2005–2012*_male,8
Ukraine,Child labour (%)+2005–2012*_female,7
Ukraine,Child marriage (%)2005–2012*_married by 15,0
Ukraine,Child marriage (%)2005–2012*_married by 18,10
Ukraine,Birth registration (%)+2005–2012*_total,100
Ukraine,Justification of wife beating (%) 2005–2012*_male,11
Ukraine,Justification of wife beating (%) 2005–2012*_female,4
Ukraine,Violent discipline (%)+2005–2012*_total,70
Ukraine,Violent discipline (%)+2005–2012*_male,76
Ukraine,Violent discipline (%)+2005–2012*_female,65
United Arab Emirates,Birth registration (%)+2005–2012*_total,100
United Kingdom,Birth registration (%)+2005–2012*_total,100
United Republic of Tanzania,Child labour (%)+2005–2012*_total,21
United Republic of Tanzania,Child labour (%)+2005–2012*_male,23
United Republic of Tanzania,Child labour (%)+2005–2012*_female,19
United Republic of Tanzania,Child marriage (%)2005–2012*_married by 15,7
United Republic of Tanzania,Child marriage (%)2005–2012*_married by 18,37
United Republic of Tanzania,Birth registration (%)+2005–2012*_total,16
United Republic of Tanzania,Female genital mutilation/cutting (%)+2002–2012*_prevalence_womena  ,15
United Republic of Tanzania,Female genital mutilation/cutting (%)+2002–2012*_prevalence_girlsb ,3
United Republic of Tanzania,Female genital mutilation/cutting (%)+2002–2012*_attitudes_support for the practicec,6
United Republic of Tanzania,Justification of wife beating (%) 2005–2012*_male,38
United Republic of Tanzania,Justification of wife beating (%) 2005–2012*_female,54
United States,Birth registration (%)+2005–2012*_total,100
Uruguay,Child labour (%)+2005–2012*_total,8
Uruguay,Child labour (%)+2005–2012*_male,8
Uruguay,Child labour (%)+2005–2012*_female,8
Uruguay,Birth registration (%)+2005–2012*_total,100
Uzbekistan,Child marriage (%)2005–2012*_married by 15,0
Uzbekistan,Child marriage (%)2005–2012*_married by 18,7
Uzbekistan,Birth registration (%)+2005–2012*_total,100
Uzbekistan,Justification of wife beating (%) 2005–2012*_male,59
Uzbekistan,Justification of wife beating (%) 2005–2012*_female,70
Vanuatu,Child marriage (%)2005–2012*_married by 15,9
Vanuatu,Child marriage (%)2005–2012*_married by 18,27
Vanuatu,Birth registration (%)+2005–2012*_total,43
Vanuatu,Justification of wife beating (%) 2005–2012*_female,60
Vanuatu,Violent discipline (%)+2005–2012*_total,78
Venezuela (Bolivarian Republic of),Child labour (%)+2005–2012*_total,8
Venezuela (Bolivarian Republic of),Child labour (%)+2005–2012*_male,9
Venezuela (Bolivarian Republic of),Child labour (%)+2005–2012*_female,6
Venezuela (Bolivarian Republic of),Birth registration (%)+2005–2012*_total,81
Viet Nam,Child labour (%)+2005–2012*_total,7
Viet Nam,Child labour (%)+2005–2012*_male,7
Viet Nam,Child labour (%)+2005–2012*_female,7
Viet Nam,Child marriage (%)2005–2012*_married by 15,1
Viet Nam,Child marriage (%)2005–2012*_married by 18,9
Viet Nam,Birth registration (%)+2005–2012*_total,95
Viet Nam,Justification of wife beating (%) 2005–2012*_female,36
Viet Nam,Violent discipline (%)+2005–2012*_total,74
Viet Nam,Violent discipline (%)+2005–2012*_male,76
Viet Nam,Violent discipline (%)+2005–2012*_female,71
Yemen,Child labour (%)+2005–2012*_total,23
Yemen,Child labour (%)+2005–2012*_male,21
Yemen,Child labour (%)+2005–2012*_female,24
Yemen,Child marriage (%)2005–2012*_married by 15,12
Yemen,Child marriage (%)2005–2012*_married by 18,32
Yemen,Birth registration (%)+2005–2012*_total,17
Yemen,Female genital mutilation/cutting (%)+2002–2012*_prevalence_womena  ,17
Yemen,Female genital mutilation/cutting (%)+2002–2012*_prevalence_girlsb ,15
Yemen,Female genital mutilation/cutting (%)+2002–2012*_attitudes_support for the practicec,41
Yemen,Violent discipline (%)+2005–2012*_total,95
Yemen,Violent discipline (%)+2005–2012*_male,95
Yemen,Violent discipline (%)+2005–2012*_female,95
Zambia,Child labour (%)+2005–2012*_total,41
Zambia,Child labour (%)+2005–2012*_male,42
Zambia,Child labour (%)+2005–2012*_female,40
Zambia,Child marriage (%)2005–2012*_married by 15,9
Zambia,Child marriage (%)2005–2012*_married by 18,42
Zambia,Birth registration (%)+2005–2012*_total,14
Zambia,Justification of wife beating (%) 2005–2012*_male,49
Zambia,Justification of wife beating (%) 2005–2012*_female,62
Zimbabwe,Child marriage (%)2005–2012*_married by 15,4
Zimbabwe,Child marriage (%)2005–2012*_married by 18,31
Zimbabwe,Birth registration (%)+2005–2012*_total,49
Zimbabwe,Justification of wife beating (%) 2005–2012*_male,34
Zimbabwe,Justification of wife beating (%) 2005–2012*_female,40
